Skill,Industry_Demand,Student_Interest,Skill_Gap
AB Testing,0.0,1,-1.0
AI & ML knowledge,0.0,1,-1.0
AI (Neutral),0.0,1,-1.0
AI and ML Knowledge,0.0,1,-1.0
AI and Machine learning,0.0,1,-1.0
API Key Problem Solve,0.0,1,-1.0
API Knife Practice,0.0,1,-1.0
API Knowledge,0.0,200,-200.0
API Knwonigh,0.0,1,-1.0
API Roadies,0.0,1,-1.0
API Specific Knowledge,0.0,1,-1.0
API Testing,0.0,145,-145.0
API knowledge,0.0,4,-4.0
API testers,0.0,1,-1.0
API testing,0.0,4,-4.0
API testings,0.0,2,-2.0
APITesting,0.0,1,-1.0
APIknowledge,0.0,1,-1.0
APIsTesting,0.0,1,-1.0
AR,0.0,1,-1.0
AR/CV Rearng,0.0,1,-1.0
AR/VR Knowledge,0.0,1,-1.0
ARTIFICIAL IMPRESSION,0.0,1,-1.0
ARTIFICIAL INTERNEF,0.0,1,-1.0
ARington,0.0,1,-1.0
Abstract thinking,0.0,1,-1.0
Act as Cyber Security Professional,0.0,1,-1.0
Actuarial Statistics,0.0,1,-1.0
Actuarial Studies,0.0,1,-1.0
Actuaries,0.0,1,-1.0
Adaptability,0.0,479,-479.0
Adaptability to new idea,0.0,2,-2.0
Adaptable,0.0,2,-2.0
Adaptibility,0.0,3,-3.0
Adaption,0.0,7,-7.0
Adaption to New Ideas,0.0,1,-1.0
Adaption to new idea,0.0,1,-1.0
Adaption to new think,0.0,1,-1.0
Adaptive Boosting,0.0,1,-1.0
Adaptiveness,0.0,1,-1.0
Adjustment to new situation,0.0,1,-1.0
Administration,0.0,2,-2.0
Administration of Cyber Security,0.0,1,-1.0
Administrative Work,0.0,1,-1.0
Adobe Flash Professional,0.0,1,-1.0
Adobe Illustrator,0.0,2,-2.0
Adobe Layout,0.0,1,-1.0
Adobe Layouts,0.0,1,-1.0
Adobe Photoshop,0.0,2,-2.0
Adolescent Education,0.0,1,-1.0
Adult Education,0.0,1,-1.0
Advanced Computer Sciences,0.0,1,-1.0
Advanced Computer Technology,0.0,1,-1.0
Advertising Arts,0.0,1,-1.0
Agile Methodology,0.0,1,-1.0
Airport Security,0.0,1,-1.0
Algorithm Development,0.0,1,-1.0
Algorithm Generation,0.0,1,-1.0
Algorithm Selection and Analysis,0.0,1,-1.0
Algorithm Solution,0.0,1,-1.0
Algorithm Testing,0.0,1,-1.0
Algorithm Testing Literature Sheet,0.0,1,-1.0
Algorithm Testing Tools,0.0,1,-1.0
Algorithm Training,0.0,1,-1.0
Analysis,0.0,1,-1.0
Analytics,0.0,3,-3.0
Analyzing Data,0.0,1,-1.0
Android Apk Create,0.0,1,-1.0
Android App,0.0,1,-1.0
Android App Create,0.0,1,-1.0
Android App Develop,0.0,263,-263.0
Android App Develop.,0.0,2,-2.0
Android App Development,0.0,7,-7.0
Android App Make,0.0,2,-2.0
Android Application Develop,0.0,6,-6.0
Android Application Testing Lab,0.0,1,-1.0
Android Application develop,0.0,1,-1.0
Android Application ready,0.0,1,-1.0
Android Based Project Develop,0.0,1,-1.0
Android Basics,0.0,1,-1.0
Android Game Develop,0.0,1,-1.0
Android Mobile App Develop,0.0,1,-1.0
Android Smartphone Built,0.0,1,-1.0
Android Studio Preparedness,0.0,1,-1.0
Android Studio Updates and Installations,0.0,1,-1.0
Android Track,0.0,1,-1.0
Android app develop,0.0,1,-1.0
Android app developing,0.0,1,-1.0
Android application develop,0.0,1,-1.0
AndroidAppDevelop,0.0,1,-1.0
Animal Science,0.0,1,-1.0
Animations and Videos Make,0.0,1,-1.0
Antiguity,0.0,1,-1.0
Api Testing,0.0,3,-3.0
Api knowledge,0.0,3,-3.0
Api knowledge test,0.0,1,-1.0
Api tester,0.0,2,-2.0
Api testing,0.0,116,-116.0
Api testing & performance assessment,0.0,1,-1.0
Api testling,0.0,1,-1.0
Apitesting,0.0,2,-2.0
Aplikasi Unknown,0.0,1,-1.0
App Development,0.0,1,-1.0
Application Development,0.0,2,-2.0
Application Security,0.0,1,-1.0
Arbitrary Pricing,0.0,1,-1.0
Arbitration,0.0,1,-1.0
Architecture,0.0,1,-1.0
Arduino Learn,0.0,1,-1.0
Arduino Training,0.0,1,-1.0
Arithmetic,0.0,1,-1.0
Around the world,0.0,1,-1.0
Aroundthecorner course,0.0,1,-1.0
Art Leadership,0.0,1,-1.0
Art direction,0.0,1,-1.0
Artefacts Review,0.0,1,-1.0
Articial Intelligence Certificate,0.0,1,-1.0
Article Writing,0.0,2,-2.0
Articulation,0.0,1,-1.0
Artifact Critique and Editing,0.0,1,-1.0
Artifact Review and Commentary,0.0,1,-1.0
Artifact Urging,0.0,1,-1.0
Artifactual Synthesis,0.0,1,-1.0
Artifical Intelligence (AI),0.0,1,-1.0
Artifical Intelligence (AI) and Machine Learning,0.0,2,-2.0
Artificate IoT,0.0,1,-1.0
Artificate in Blockchain,0.0,1,-1.0
Artifice,0.0,1,-1.0
Artificial Intellectual Control (AIC),0.0,1,-1.0
Artificial Intelligence,0.0,4,-4.0
Artificial Intelligence (AI),0.0,480,-480.0
Artificial Intelligence (AI) & Machine Learning,0.0,2,-2.0
Artificial Intelligence (AI) and ML,0.0,1,-1.0
Artificial Intelligence (AI) and Machine Learn,0.0,1,-1.0
Artificial Intelligence (AI) and Machine Learning,0.0,576,-576.0
Artificial Intelligence (AI) and Machine Learning applied in different fields,0.0,1,-1.0
Artificial Intelligence (AI) and Machine Learning for Research,0.0,1,-1.0
Artificial Intelligence (AI) and Training,0.0,1,-1.0
Artificial Intelligence (AI) and machine learning,0.0,6,-6.0
Artificial Intelligence (AI) andMachine Learning,0.0,1,-1.0
Artificial Intelligence (AI) andmachine learning,0.0,1,-1.0
Artificial Intelligence (AI) in Domain,0.0,1,-1.0
Artificial Intelligence (AI) or Machine Learning,0.0,1,-1.0
Artificial Intelligence (AI); Deep Learning; Machine Learning; Feature Engineering; Data Engineering; Statistical Analysis; Communication,0.0,1,-1.0
Artificial Intelligence (AIB),0.0,1,-1.0
Artificial Intelligence and Computers,0.0,1,-1.0
Artificial Intelligence and Machine Learning,0.0,1,-1.0
Artificial Intelligence and Machine learning,0.0,65,-65.0
Artificial Intelligence and Machinelearning,0.0,1,-1.0
Artificial Intelligence and Math.,0.0,1,-1.0
Artificial Intelligence and Mathematics,0.0,3,-3.0
Artificial Intelligence and Technology,0.0,2,-2.0
Artificial Intelligent Training,0.0,1,-1.0
Artificial intelligence (AI),0.0,1,-1.0
ArtificialIntelligence,0.0,1,-1.0
ArtificialIntelligence (AI),0.0,3,-3.0
Artillery Fire,0.0,1,-1.0
Artisan Kennew,0.0,1,-1.0
Artistic,0.0,1,-1.0
Artistic Contribution,0.0,1,-1.0
Artistic Expression,0.0,14,-14.0
Artistic License,0.0,2,-2.0
Artistic Photograph Analysis,0.0,1,-1.0
Artistic Presentation,0.0,1,-1.0
Artistic Side,0.0,1,-1.0
Artistic Skills,0.0,1,-1.0
Artistic Value,0.0,1,-1.0
Artistic Videos Makeup,0.0,1,-1.0
Artistic handling,0.0,1,-1.0
Arts Integration,0.0,1,-1.0
Arttery Me,0.0,1,-1.0
Artyarenyezgin,0.0,1,-1.0
Astrophysics,0.0,1,-1.0
Audio Signaling,0.0,1,-1.0
Augmentation,0.0,1,-1.0
Auto Siren,0.0,1,-1.0
Automobile Industry,0.0,1,-1.0
Avid Video Editing Software,0.0,1,-1.0
Backend Development,0.0,1,-1.0
Background Music,0.0,1,-1.0
Background in Technology,0.0,1,-1.0
Bandwidth Testing,0.0,1,-1.0
Banking Industry,0.0,1,-1.0
Based on Resource Island Mobile Application Create,0.0,1,-1.0
Based on Wikipedia,0.0,1,-1.0
Basic Physics,0.0,1,-1.0
Basico a PHP,0.0,1,-1.0
Batch & Flow Programming,0.0,1,-1.0
Batch Operations,0.0,1,-1.0
Bearings,0.0,1,-1.0
Becoming a Graphic Designer or Illustration,0.0,1,-1.0
Big,0.0,2,-2.0
Big Data Tech,0.0,1,-1.0
Big Data Technations,0.0,3,-3.0
Big Data Techniques,0.0,1,-1.0
Big Data Technlogies,0.0,1,-1.0
Big Data Technlogs,0.0,2,-2.0
Big Data Technographies,0.0,1,-1.0
Big Data Technolog,0.0,1,-1.0
Big Data Technologies,0.0,633,-633.0
Big Data Technology,0.0,4,-4.0
Big Data technologies,0.0,5,-5.0
Big Management,0.0,1,-1.0
Big Statistics,0.0,1,-1.0
Big data technologies,0.0,4,-4.0
Bill of Rights,0.0,1,-1.0
Billing and Administration,0.0,1,-1.0
Block Chain,0.0,7,-7.0
Block Chain Technologies,0.0,1,-1.0
Block Chain Technology,0.0,1,-1.0
Block chain,0.0,1,-1.0
Block chain knowledge,0.0,1,-1.0
BlockChain,0.0,7,-7.0
BlockChain Technology,0.0,1,-1.0
Blockchain,0.0,247,-247.0
Blockchain technology,0.0,26,-26.0
Blockchains,0.0,2,-2.0
Blog Gallery Build,0.0,1,-1.0
Blog Writing,0.0,1,-1.0
Blogging,0.0,2,-2.0
Bluetooth Specialization,0.0,1,-1.0
Body Camera,0.0,1,-1.0
Boosters,0.0,1,-1.0
Bootcamps and Workshops,0.0,1,-1.0
Bootstrap,0.0,1,-1.0
Bot Building,0.0,2,-2.0
Bot Development,0.0,1,-1.0
Bot Framework,0.0,1,-1.0
Bot Platform,0.0,1,-1.0
Brand Management,0.0,1,-1.0
Broadcast Journalism,0.0,1,-1.0
Browser Based Games Development,0.0,1,-1.0
Browser Development,0.0,1,-1.0
Browser Knights,0.0,1,-1.0
Browser Knob,0.0,1,-1.0
Browser Native Property,0.0,1,-1.0
Browser Testing,0.0,6,-6.0
Browser Testing Related Work,0.0,1,-1.0
Browser vs. Web Dev,0.0,1,-1.0
Bug Bustering,0.0,1,-1.0
Bug Fixes and Cybersecurity,0.0,1,-1.0
Bug Fixes and Roadmaps,0.0,1,-1.0
Bug Management,0.0,2,-2.0
Bug Tracking,0.0,1,-1.0
Bug Tracking & Progress Bar included.,0.0,1,-1.0
Bug Tracking and Testing,0.0,1,-1.0
Bulletin Board System,0.0,1,-1.0
Business Analysis,0.0,1,-1.0
Business Development,0.0,1,-1.0
Business Model Canvas,0.0,1,-1.0
Business Relations,0.0,1,-1.0
Business Relationship,0.0,1,-1.0
CPU and Chip Technology,0.0,1,-1.0
CPU and GPU mere use,0.0,1,-1.0
CPU and GPU testing,0.0,1,-1.0
CRM,0.0,1,-1.0
CSS,0.0,7,-7.0
CSS3,0.0,4,-4.0
CYBER SECURITY CONFERENCES,0.0,1,-1.0
Cached Secure,0.0,1,-1.0
Calculus,0.0,1,-1.0
Camera Review,0.0,1,-1.0
Camera for Network Security,0.0,1,-1.0
Cancer Research,0.0,1,-1.0
Canva,0.0,2,-2.0
Cassandra Consult,0.0,1,-1.0
Cellular Networks,0.0,1,-1.0
Certified Citizen Relationship Manager,0.0,1,-1.0
Circuit Layout,0.0,1,-1.0
Classification,0.0,2,-2.0
Clean Energy,0.0,1,-1.0
Client Security,0.0,1,-1.0
Cloud,0.0,4,-4.0
Cloud Calcul,0.0,1,-1.0
Cloud ComputING,0.0,1,-1.0
Cloud Compute,0.0,1,-1.0
Cloud Computing,0.0,519,-519.0
Cloud Computing.,0.0,1,-1.0
Cloud Services,0.0,1,-1.0
Cloud Technology,0.0,5,-5.0
Cloud computing,0.0,1,-1.0
Code Editors,0.0,1,-1.0
Code Quality Testing,0.0,1,-1.0
Code Review,0.0,1,-1.0
Code Signage,0.0,1,-1.0
Coding Bootcamps & Workshops,0.0,1,-1.0
Coding Bootcamps and Colleges,0.0,1,-1.0
Coding Bootcamps and Seminars,0.0,1,-1.0
Coding Bootcamps and Workshop,0.0,3,-3.0
Coding Bootcamps and Workshops,0.0,36,-36.0
Coding clubs and meetings,0.0,1,-1.0
Cognitive Science,0.0,1,-1.0
Cognitive Studies,0.0,1,-1.0
Collaborate with others,0.0,1,-1.0
Collaboration,0.0,15,-15.0
Collaboration with IoT,0.0,1,-1.0
Collaborative Computing,0.0,1,-1.0
Collaborative Filtration,0.0,1,-1.0
Collaborative Learning,0.0,2,-2.0
Collaborative Practice,0.0,2,-2.0
Collaborative Research,0.0,1,-1.0
Collaborative Working,0.0,2,-2.0
Collaborative Works,0.0,1,-1.0
Collaborative learning,0.0,1,-1.0
Collaborativeapproach,0.0,1,-1.0
Collaboratively working with team,0.0,1,-1.0
College of Computer Science,0.0,1,-1.0
Color Photography,0.0,1,-1.0
Column Chart,0.0,1,-1.0
Command of the Language,0.0,1,-1.0
Comment Writings,0.0,1,-1.0
Commentary Analyzers,0.0,1,-1.0
Committees and Reception,0.0,1,-1.0
Commom Activities,0.0,1,-1.0
Commons,0.0,1,-1.0
Communication,0.0,706,-706.0
Communication ra,0.0,1,-1.0
Communication raimentery,0.0,1,-1.0
Communication via Web,0.0,1,-1.0
Communication with Team,0.0,1,-1.0
Communication with developers,0.0,1,-1.0
Community Engagement,0.0,1,-1.0
Community Leader,0.0,1,-1.0
Competitive Analysis,0.0,2,-2.0
Compiler Generation,0.0,1,-1.0
Component Based Development,0.0,1,-1.0
Computational Neuroscience,0.0,1,-1.0
Computer Architecture,0.0,2,-2.0
Computer Based Education,0.0,1,-1.0
Computer Based Training,0.0,1,-1.0
Computer Education,0.0,1,-1.0
Computer Memory test,0.0,1,-1.0
Computer Navigation,0.0,1,-1.0
Computer Network,0.0,80,-80.0
Computer Networks,0.0,2,-2.0
Computer Operations,0.0,1,-1.0
Computer Physics,0.0,1,-1.0
Computer Policy,0.0,1,-1.0
Computer Programming,0.0,1,-1.0
Computer Science,0.0,1,-1.0
Computer Science Education,0.0,1,-1.0
Computer Security,0.0,1,-1.0
Computer Software Review,0.0,2,-2.0
Computer Software Testing Related Work,0.0,1,-1.0
Computer Software Testing Relatedwork,0.0,1,-1.0
Computer Systems and Architecture,0.0,1,-1.0
Computer Technology,0.0,2,-2.0
Computer Vision,0.0,1,-1.0
Computer electronics,0.0,1,-1.0
Computing,0.0,3,-3.0
Concept Expansion,0.0,1,-1.0
Conception,0.0,1,-1.0
Conceptualization,0.0,1,-1.0
Configuring and Maintenance,0.0,1,-1.0
Conformance Testing,0.0,1,-1.0
Considered Adaptively,0.0,1,-1.0
Consultancy,0.0,1,-1.0
Contemporary Blockchain technology,0.0,1,-1.0
Content Analysis,0.0,1,-1.0
Content Creation,0.0,1,-1.0
Content Writing and Blogging,0.0,11,-11.0
Continuous Education,0.0,1,-1.0
Contract Negotiating,0.0,1,-1.0
Contract Negotiations,0.0,1,-1.0
Control,0.0,1,-1.0
Convolutional Neural Networks,0.0,1,-1.0
Copy Writing,0.0,1,-1.0
Copywriting,0.0,1,-1.0
Counter Cyber Crime,0.0,1,-1.0
Countermeasure,0.0,1,-1.0
Counterparty,0.0,1,-1.0
Crash Course on Web Development,0.0,1,-1.0
Creating Quran Reciters,0.0,1,-1.0
Creative Working Session,0.0,1,-1.0
Creative Writing,0.0,1,-1.0
Credential Evaluation,0.0,1,-1.0
Cricket Follower,0.0,1,-1.0
Cricket lover,0.0,1,-1.0
Crime Reporter,0.0,1,-1.0
Critical Thinking,0.0,718,-718.0
Critical Thought,0.0,7,-7.0
Critical thinking,0.0,5,-5.0
CriticalThinking,0.0,7,-7.0
Crucial Digital Literacy,0.0,1,-1.0
Cruelty Free,0.0,1,-1.0
Cryptocurrency,0.0,4,-4.0
Cryptogragphies of Delivery,0.0,1,-1.0
Cryptograncy,0.0,1,-1.0
Cryptograp,0.0,1,-1.0
Cryptograph,0.0,202,-202.0
Cryptographic Algorithms,0.0,1,-1.0
Cryptographic Materials,0.0,1,-1.0
Cryptographic Mechanism,0.0,2,-2.0
Cryptographic Mechanisms,0.0,3,-3.0
Cryptographic Message Encryption,0.0,1,-1.0
Cryptographic Technologies,0.0,2,-2.0
Cryptographic Tools,0.0,6,-6.0
Cryptography,0.0,5,-5.0
Cryptology,0.0,2,-2.0
Customer Engagement,0.0,1,-1.0
Customer Relationship Manage,0.0,1,-1.0
Customer Satisfaction,0.0,1,-1.0
Cyber Security,0.0,9,-9.0
Cyber security,0.0,2,-2.0
Cyberntec,0.0,1,-1.0
Cyberntech,0.0,1,-1.0
Cybersec,0.0,2,-2.0
Cybersecures,0.0,1,-1.0
Cybersecurity,0.0,769,-769.0
Cybersecurity Attributes,0.0,1,-1.0
Cybersecurity Practice,0.0,1,-1.0
Cybert Networks,0.0,1,-1.0
Cybertank,0.0,1,-1.0
Cybertelligence,0.0,1,-1.0
Cybertentialism,0.0,1,-1.0
Cybertentialors,0.0,1,-1.0
Cybertiolci,0.0,1,-1.0
Cybertsecurity,0.0,1,-1.0
Cyclone District,0.0,1,-1.0
Cyient software blow,0.0,1,-1.0
Cypher,0.0,1,-1.0
Cyptic,0.0,1,-1.0
DATA JEST,0.0,1,-1.0
DB Administration,0.0,1,-1.0
DB Development,0.0,1,-1.0
DB Management,0.0,3,-3.0
DBA Relationship,0.0,1,-1.0
DBMS,0.0,6,-6.0
DBS Development,0.0,1,-1.0
DDoS,0.0,1,-1.0
DFM,0.0,1,-1.0
DMachine Learning,0.0,1,-1.0
DNS,0.0,3,-3.0
DNS Security,0.0,1,-1.0
DRBD,0.0,1,-1.0
DSN,0.0,1,-1.0
Danish,0.0,1,-1.0
Dashboard Development,0.0,1,-1.0
Data Analysis,0.0,1,-1.0
Data Analysis & Database Management,0.0,1,-1.0
Data Analysis & Visualisation,0.0,1,-1.0
Data Analysis & Visualization,0.0,11,-11.0
Data Analysis & visualization,0.0,1,-1.0
Data Analysis And Visualisation,0.0,1,-1.0
Data Analysis and Visio Professional Online,0.0,1,-1.0
Data Analysis and Visit to Robotics,0.0,1,-1.0
Data Analysis and Visuailations,0.0,1,-1.0
Data Analysis and Visualisation,0.0,25,-25.0
Data Analysis and Visualization,0.0,963,-963.0
Data Analysis and Visualization difficult cases,0.0,1,-1.0
Data Analysis and Visually Presentations,0.0,1,-1.0
Data Analysis and Visulaization,0.0,3,-3.0
Data Analysis and Writing,0.0,1,-1.0
Data Analysis and visualization,0.0,5,-5.0
Data Analysis andVisualization,0.0,15,-15.0
Data Analysis andvisualization,0.0,3,-3.0
Data Analyst,0.0,7,-7.0
Data Analytics,0.0,28,-28.0
Data Analytics Certificate,0.0,1,-1.0
Data Analytics Course,0.0,1,-1.0
Data Architecture,0.0,1,-1.0
Data Based Application Develop,0.0,1,-1.0
Data Council,0.0,1,-1.0
Data Craft,0.0,1,-1.0
Data Early Warning,0.0,1,-1.0
Data Eng,0.0,1,-1.0
Data Engagement,0.0,22,-22.0
Data Engagement and Communication,0.0,1,-1.0
Data Engeneering,0.0,1,-1.0
Data Engineer,0.0,35,-35.0
Data Engineering,0.0,738,-738.0
Data Engineering blog follow,0.0,1,-1.0
Data Engineering.,0.0,1,-1.0
Data Engineering; Statistical Science,0.0,1,-1.0
Data Engineers,0.0,1,-1.0
Data Enginer,0.0,3,-3.0
Data Enginer or Graphic Design,0.0,1,-1.0
Data Enginer or Vulcanizer,0.0,1,-1.0
Data Engolation,0.0,1,-1.0
Data Policy,0.0,1,-1.0
Data Quality Check,0.0,1,-1.0
Data Quality Engineering,0.0,1,-1.0
Data Related Research,0.0,1,-1.0
Data Scienc,0.0,3,-3.0
Data Science,0.0,60,-60.0
Data Sciences,0.0,8,-8.0
Data Scientique,0.0,1,-1.0
Data Scientist,0.0,5,-5.0
Data Security,0.0,1,-1.0
Data Sight,0.0,1,-1.0
Data Snapshotting,0.0,1,-1.0
Data Storytelling,0.0,2,-2.0
Data Strategy,0.0,6,-6.0
Data Structure,0.0,234,-234.0
Data Structure lectures attend,0.0,1,-1.0
Data Structures,0.0,4,-4.0
Data Technologies,0.0,2,-2.0
Data Technology,0.0,1,-1.0
Data Testing,0.0,1,-1.0
Data Visualisation,0.0,2,-2.0
Data Visualization,0.0,7,-7.0
Data analysis and visualisation,0.0,2,-2.0
Data analysis and visualization,0.0,6,-6.0
Data driven journey,0.0,1,-1.0
Data engineering,0.0,3,-3.0
DataEngineering,0.0,6,-6.0
DataStructure,0.0,1,-1.0
Database Develop,0.0,1,-1.0
Database Develope rcryptograph,0.0,1,-1.0
Database Developement,0.0,4,-4.0
Database Developer,0.0,16,-16.0
Database Developers,0.0,2,-2.0
Database Developing,0.0,2,-2.0
Database Developmen,0.0,1,-1.0
Database Development,0.0,789,-789.0
Database Development and Technology,0.0,1,-1.0
Database Developments,0.0,7,-7.0
Database Developrent,0.0,1,-1.0
Database Management,0.0,2,-2.0
Database Problem Solution,0.0,1,-1.0
Database Testing,0.0,1,-1.0
Database development,0.0,2,-2.0
DatabaseDevelopment,0.0,2,-2.0
Databases,0.0,6,-6.0
Databases development,0.0,1,-1.0
Databases of Definitions,0.0,1,-1.0
Databases of Different Type,0.0,1,-1.0
Datadata Generation,0.0,1,-1.0
Datadata analysis,0.0,1,-1.0
Datadic,0.0,1,-1.0
Datascience,0.0,1,-1.0
Dataset Development,0.0,1,-1.0
Dataset Generation,0.0,5,-5.0
Dataset Size and Management,0.0,1,-1.0
Datasets Discovery,0.0,1,-1.0
Dataviz,0.0,1,-1.0
Datology knowledge,0.0,1,-1.0
Dealing with Technology,0.0,1,-1.0
Decentralized Platform,0.0,1,-1.0
Deep Learning,0.0,466,-466.0
Deeper understanding of data science,0.0,1,-1.0
Deeplearning,0.0,1,-1.0
Defence,0.0,1,-1.0
Defense,0.0,1,-1.0
Degree in Computer Science,0.0,1,-1.0
Degree in Technology or Programming Languages,0.0,1,-1.0
Deisened Search Engine Develop,0.0,1,-1.0
Delivery,0.0,1,-1.0
Democratic Development,0.0,1,-1.0
Dependency Resolution,0.0,1,-1.0
Dernbin,0.0,1,-1.0
Descriptive Statistics,0.0,1,-1.0
Design related work,0.0,1,-1.0
Desktop Project Management,0.0,1,-1.0
Detection,0.0,1,-1.0
Development,0.0,2,-2.0
Deviation and Statistics,0.0,1,-1.0
Devolopmental Process,0.0,1,-1.0
Dialogue & Debate,0.0,1,-1.0
Dialogue Machines,0.0,1,-1.0
Dialogue Systems,0.0,1,-1.0
Differential Equations,0.0,1,-1.0
Digital Act,0.0,1,-1.0
Digital Advertising,0.0,1,-1.0
Digital Algebra,0.0,1,-1.0
Digital Art,0.0,1,-1.0
Digital Art and Design,0.0,2,-2.0
Digital Arts,0.0,1,-1.0
Digital Asset Management,0.0,1,-1.0
Digital Biology,0.0,1,-1.0
Digital Economy,0.0,1,-1.0
Digital Engagement,0.0,1,-1.0
Digital Engineering,0.0,1,-1.0
Digital Health,0.0,1,-1.0
Digital Law,0.0,1,-1.0
Digital Life Test,0.0,1,-1.0
Digital Literacy,0.0,8,-8.0
Digital Logic,0.0,1,-1.0
Digital Marketing,0.0,2,-2.0
Digital Marketplace,0.0,1,-1.0
Digital Network,0.0,1,-1.0
Digital Performance Testing,0.0,1,-1.0
Digital Photography,0.0,1,-1.0
Digital Random Gen Tech,0.0,1,-1.0
Digital Rights,0.0,1,-1.0
Digital Role Playing,0.0,1,-1.0
Digital Security,0.0,1,-1.0
Digital Showroom,0.0,1,-1.0
Digital Theory,0.0,1,-1.0
Digital Transformation,0.0,1,-1.0
Digital Trust,0.0,1,-1.0
Directed Work,0.0,1,-1.0
Directed in Production,0.0,1,-1.0
Directing,0.0,1,-1.0
Directors/Jack of Ceremony,0.0,1,-1.0
Discrete Mathematics,0.0,1,-1.0
Discussion on data science,0.0,1,-1.0
Disk based technologylase,0.0,1,-1.0
Display Application Development,0.0,1,-1.0
Display Driver,0.0,1,-1.0
Display Technology,0.0,1,-1.0
Display Video Technology,0.0,1,-1.0
Distance Education,0.0,1,-1.0
Domain Knowledge,0.0,1,-1.0
Downstream Cooperation,0.0,1,-1.0
Duhamel System,0.0,1,-1.0
Dynamic Drive,0.0,1,-1.0
Dynamic Linked List,0.0,1,-1.0
Dynamic Models,0.0,1,-1.0
Dynamic Website Build,0.0,1,-1.0
ESP,0.0,1,-1.0
Earnings Prediction,0.0,1,-1.0
Editing and Printing,0.0,1,-1.0
Editing and Writing,0.0,1,-1.0
Editorship,0.0,1,-1.0
Effective Algebra and Visual Communication,0.0,1,-1.0
Electronic Design Tool and Supply,0.0,1,-1.0
Electronic Music,0.0,1,-1.0
Email Cybersecurity,0.0,1,-1.0
Email Marketing,0.0,4,-4.0
Email Secure,0.0,1,-1.0
Email Security,0.0,3,-3.0
Emerging Technology,0.0,1,-1.0
Emotion Reduction,0.0,1,-1.0
Engineering Communication,0.0,1,-1.0
Engineering Data Analysis and Visualization,0.0,1,-1.0
Enterprise,0.0,1,-1.0
Enterprise Resource Planning,0.0,1,-1.0
Environmental Protection,0.0,1,-1.0
Equivalent or Appreciation,0.0,1,-1.0
Essay Writing,0.0,1,-1.0
Eternal Security,0.0,1,-1.0
Etherec,0.0,1,-1.0
Ethereum,0.0,1,-1.0
Ethical Hacking,0.0,1,-1.0
Event Management,0.0,1,-1.0
Event Planning,0.0,1,-1.0
Extreme Neural Topology,0.0,1,-1.0
Eye Tracking Technology,0.0,1,-1.0
Eye for Detail,0.0,1,-1.0
FE,0.0,1,-1.0
Face Detection,0.0,1,-1.0
Faculty Development,0.0,1,-1.0
Failure Analysis,0.0,1,-1.0
Feast Learning,0.0,1,-1.0
Feather,0.0,1,-1.0
Feather Transport,0.0,1,-1.0
Feature Development,0.0,2,-2.0
Feature Engagement,0.0,3,-3.0
Feature Engineer,0.0,1,-1.0
Feature Engineering,0.0,486,-486.0
Feature Enginge,0.0,2,-2.0
Feature Flags,0.0,1,-1.0
Feature Generation,0.0,2,-2.0
Feature engineering,0.0,15,-15.0
Feature stream analysis,0.0,1,-1.0
FeatureEngine,0.0,1,-1.0
Featured data use,0.0,1,-1.0
Featureengineering,0.0,1,-1.0
Features Development,0.0,1,-1.0
Features Engagement,0.0,2,-2.0
Features Engineering,0.0,5,-5.0
Feedback Loops,0.0,1,-1.0
Feedforward Neural Network,0.0,1,-1.0
Feedforward Neural Networks,0.0,5,-5.0
Film Directing,0.0,1,-1.0
Film Production,0.0,1,-1.0
Firewall,0.0,1,-1.0
Firmware Develop,0.0,1,-1.0
Firmware Install,0.0,1,-1.0
Forum/Message Board Develop,0.0,1,-1.0
Free Software Download,0.0,1,-1.0
Fun Games Creater,0.0,1,-1.0
Future Proof,0.0,1,-1.0
Game Dev,0.0,1,-1.0
Game Develop,0.0,16,-16.0
Game Development,0.0,443,-443.0
Game Development;,0.0,1,-1.0
Game Development; Blockchain,0.0,1,-1.0
Game Development; Blockchain technology,0.0,1,-1.0
Game Development; Communication,0.0,1,-1.0
Game Development; Problem Solving and Analysis,0.0,7,-7.0
Game Development; Problemsolvinganddirectiveabilities,0.0,1,-1.0
Game Development; problem solving and analysis,0.0,1,-1.0
Game Development;problem solving and analysis,0.0,1,-1.0
Game Develop},0.0,1,-1.0
Game Develop} Artificial Intelligence (AI) and Machine Learning,0.0,2,-2.0
Game Device Control,0.0,1,-1.0
Game Programming,0.0,2,-2.0
Game Theory,0.0,1,-1.0
Game development,0.0,4,-4.0
Games Develop,0.0,2,-2.0
Games Development,0.0,3,-3.0
Generative Adversarial Training,0.0,1,-1.0
Google Algorithm Testing,0.0,1,-1.0
Google App Engine Login,0.0,1,-1.0
Google Cybersecurity Certificate Program,0.0,9,-9.0
Google Ethic,0.0,1,-1.0
Google Jetson,0.0,1,-1.0
Google Map API knowledge,0.0,1,-1.0
Google Search Engine Loads,0.0,1,-1.0
Google Security Certificate Program,0.0,1,-1.0
Government Policies,0.0,1,-1.0
Government deputation attendence system,0.0,1,-1.0
Graph Based Representation Learner,0.0,1,-1.0
Graph Based Technologies,0.0,1,-1.0
Graph Theory,0.0,1,-1.0
Graphic Design,0.0,235,-235.0
Graphic Design & Editing,0.0,5,-5.0
Graphic Design And Editing,0.0,1,-1.0
Graphic Design and Beauty Trees,0.0,1,-1.0
Graphic Design and Editing,0.0,5,-5.0
Graphical User Interface (GUI) and Video Editing,0.0,1,-1.0
Graphical Users Interface (GUI) and Graphic Design,0.0,1,-1.0
Graphical Usersestimateqrconcil.org,0.0,1,-1.0
Graphicator,0.0,1,-1.0
Graphicdesign,0.0,3,-3.0
Graphics Design,0.0,1,-1.0
Greek Civil Code,0.0,1,-1.0
Green Tech,0.0,1,-1.0
Grid Layout,0.0,1,-1.0
HTML,0.0,5,-5.0
HTML5,0.0,4,-4.0
Hacking and Recovery,0.0,1,-1.0
Handling new idea,0.0,1,-1.0
Health Care Industry,0.0,1,-1.0
Helper Taka,0.0,1,-1.0
High Performance Computing,0.0,1,-1.0
High Performance Logistics,0.0,1,-1.0
Highly Interactative,0.0,1,-1.0
House Rules Written in Bangla,0.0,1,-1.0
Https Enable,0.0,1,-1.0
Hub,0.0,1,-1.0
Human Resource Development,0.0,2,-2.0
Human Resource Management,0.0,1,-1.0
Hybrid Arch,0.0,1,-1.0
IBM Watson,0.0,1,-1.0
IOT,0.0,1,-1.0
IOT technology,0.0,1,-1.0
IP Address,0.0,1,-1.0
IP Protection,0.0,1,-1.0
IT Business,0.0,1,-1.0
IT Competitive Analytics,0.0,1,-1.0
IT Law,0.0,2,-2.0
IT Relational Affairs,0.0,1,-1.0
IT to Business,0.0,1,-1.0
Idea Generation,0.0,1,-1.0
Idea Generator,0.0,1,-1.0
Ideation,0.0,1,-1.0
Illegal Web Security,0.0,1,-1.0
Illustartion,0.0,1,-1.0
Illustration & Design,0.0,27,-27.0
Illustration & design,0.0,1,-1.0
Illustration And Design,0.0,1,-1.0
Illustration and Design,0.0,43,-43.0
Illustrator,0.0,1,-1.0
Illustrator and Adobe Designers,0.0,1,-1.0
Image Engineering,0.0,1,-1.0
Image Manag,0.0,1,-1.0
Image Managemen,0.0,1,-1.0
Image Managements,0.0,2,-2.0
Image Manipulation,0.0,3,-3.0
Image Processing,0.0,99,-99.0
Image Recognition,0.0,1,-1.0
Image processing,0.0,4,-4.0
Imageprocessing,0.0,1,-1.0
Implementation,0.0,1,-1.0
Implementing Artificial Intelligence and Machine learning,0.0,1,-1.0
Implementing MACHINE LEARING AND DATA SCIENCE,0.0,1,-1.0
Impression Count Test,0.0,1,-1.0
Improving Quran Recognition,0.0,1,-1.0
Independent Living,0.0,1,-1.0
Industrial Automation,0.0,1,-1.0
Industrial Engagement,0.0,1,-1.0
Industrial Relations,0.0,1,-1.0
Industry Specific,0.0,1,-1.0
Infectious Diseases,0.0,1,-1.0
Influence,0.0,1,-1.0
Information Theory,0.0,1,-1.0
Infrastructure Development,0.0,1,-1.0
Innovative Thinkings,0.0,1,-1.0
Inspiration,0.0,1,-1.0
Instructor led training,0.0,1,-1.0
Integrated Thinker,0.0,1,-1.0
Integration,0.0,1,-1.0
Integration of Technology,0.0,1,-1.0
Inter persone elsoggi dar,0.0,1,-1.0
InterPersonal Skills,0.0,1,-1.0
InterPersonnel Disputes,0.0,1,-1.0
InterPersonnel Relations,0.0,1,-1.0
Interactive Dialogue and Presentation Style Manual,0.0,1,-1.0
Interactive Presentation,0.0,1,-1.0
Interconnectivity,0.0,1,-1.0
Interface Design,0.0,1,-1.0
Interface Guidae,0.0,1,-1.0
Internet Entrepreneurship,0.0,1,-1.0
Internet Of Things,0.0,1,-1.0
Internet Safety,0.0,1,-1.0
Internet Wars,0.0,1,-1.0
Internet of Things,0.0,308,-308.0
Internet of things,0.0,1,-1.0
Internship opportunities,0.0,2,-2.0
Interpersonal,0.0,1,-1.0
Interpersonal Consciousness,0.0,1,-1.0
Interpersonal Politics,0.0,1,-1.0
Interpersonal Privileges,0.0,2,-2.0
Interpersonal Skill,0.0,7,-7.0
Interpersonal Skills,0.0,402,-402.0
Interpersonal Skils,0.0,1,-1.0
Interpersonal skills,0.0,1,-1.0
Interpersonal skils,0.0,2,-2.0
InterpersonalSkills,0.0,4,-4.0
Interpersonnal Skills,0.0,4,-4.0
Interpersons,0.0,1,-1.0
Interpretation,0.0,1,-1.0
Interval Contingent,0.0,1,-1.0
Investigation,0.0,1,-1.0
IoT,0.0,11,-11.0
IoT Global Area,0.0,1,-1.0
IoT Knowledge,0.0,1,-1.0
IoT certification,0.0,1,-1.0
Iron Throwing,0.0,1,-1.0
Issue Handling,0.0,1,-1.0
Issue Management,0.0,1,-1.0
Issues Analysis and Intellectual Property Creation,0.0,1,-1.0
Issuing Logo and Picture Control,0.0,1,-1.0
Java,0.0,1,-1.0
Java Script,0.0,1,-1.0
Java Script Knowledge,0.0,1,-1.0
JavaScript,0.0,5,-5.0
JavaScript of Interest,0.0,1,-1.0
Joint Stoppage,0.0,1,-1.0
Journalism,0.0,2,-2.0
Julian Date Formats,0.0,1,-1.0
Keyword Research,0.0,1,-1.0
Lab Review,0.0,1,-1.0
Label Encoding,0.0,1,-1.0
Label Printing,0.0,1,-1.0
Labeled Datasets,0.0,1,-1.0
Language Education,0.0,1,-1.0
Language Processing,0.0,1,-1.0
Language Translation,0.0,1,-1.0
Language specific web development,0.0,1,-1.0
Late Night Work,0.0,1,-1.0
Latest Cyber and Data Technology,0.0,1,-1.0
Latest Technology,0.0,1,-1.0
Law Firm Collaboration,0.0,1,-1.0
Law of Computing,0.0,1,-1.0
Law of Cyberspace,0.0,1,-1.0
Layered Neural Network,0.0,1,-1.0
Layout,0.0,1,-1.0
Leader,0.0,1,-1.0
Leadership,0.0,12,-12.0
Least Squares Theory,0.0,1,-1.0
Legislative Issues,0.0,1,-1.0
Length of a software review,0.0,1,-1.0
Licensed Police Application Create,0.0,1,-1.0
Lifecycle of a software,0.0,1,-1.0
Lifecycle of an object,0.0,1,-1.0
Linear Algebra,0.0,2,-2.0
Linux,0.0,1,-1.0
Linux Operating System,0.0,1,-1.0
Linux Performance Testing,0.0,1,-1.0
Linux Privacy,0.0,1,-1.0
Linux System Administration,0.0,1,-1.0
Linux System Design,0.0,1,-1.0
Liposome Functionalities,0.0,1,-1.0
Listening Skills,0.0,1,-1.0
Live Data Analysis,0.0,1,-1.0
Load Testing,0.0,1,-1.0
Logic Mix,0.0,1,-1.0
Logical Consideration,0.0,1,-1.0
Logical Thinking,0.0,1,-1.0
Logistic Regression,0.0,1,-1.0
Logistics,0.0,2,-2.0
Logistics problems,0.0,1,-1.0
London Scheme,0.0,1,-1.0
MI,0.0,1,-1.0
ML,0.0,2,-2.0
ML (Certification in BlockChain),0.0,1,-1.0
ML and Data Engineering,0.0,1,-1.0
Machine Learning,0.0,597,-597.0
Machine Learning journals watch,0.0,1,-1.0
Machine Training,0.0,1,-1.0
Machine learning,0.0,1,-1.0
Managed Council,0.0,1,-1.0
Management,0.0,1,-1.0
Managing Cyber threat,0.0,1,-1.0
Manipulate,0.0,1,-1.0
Math Lib.,0.0,1,-1.0
Math problems solver online,0.0,1,-1.0
Mathematical Formalizations,0.0,1,-1.0
Mathematics,0.0,4,-4.0
Maths Reasoning,0.0,1,-1.0
Media Studies,0.0,1,-1.0
Memory Testing,0.0,1,-1.0
Message Distribution,0.0,1,-1.0
Message Understanding,0.0,1,-1.0
Mobile App Develop,0.0,12,-12.0
Mobile App Development,0.0,725,-725.0
Mobile App development,0.0,12,-12.0
Mobile Application Develop,0.0,2,-2.0
Mobile Application Development,0.0,31,-31.0
Mobile Phone Specification Update,0.0,1,-1.0
Mobile app development,0.0,4,-4.0
Mobile app testing,0.0,1,-1.0
Mobile appdevelopment,0.0,1,-1.0
Mobile apps develop,0.0,1,-1.0
Mobile apps development,0.0,2,-2.0
MobileApp Development,0.0,2,-2.0
Mobiley Based Project Develop,0.0,1,-1.0
Mobility,0.0,1,-1.0
NET for Security related job,0.0,1,-1.0
NETWORKING,0.0,1,-1.0
NETWORKS,0.0,1,-1.0
NEURONS,0.0,1,-1.0
National Council on Cyber Security,0.0,1,-1.0
Natural Language Processing,0.0,1,-1.0
Negotiation,0.0,1,-1.0
Net Ops,0.0,1,-1.0
NetWourd,0.0,1,-1.0
Netizen Relations,0.0,1,-1.0
Netoworking,0.0,1,-1.0
Netoworks,0.0,1,-1.0
Netwerk,0.0,1,-1.0
Netwerk developed,0.0,1,-1.0
Network Architecture,0.0,1,-1.0
Network Defensive,0.0,1,-1.0
Network Secuity,0.0,1,-1.0
Network Securities,0.0,2,-2.0
Network Security,0.0,583,-583.0
Network Security Concern,0.0,1,-1.0
Network Security Related Publishers,0.0,1,-1.0
Network Topographies,0.0,1,-1.0
Network Topological Analyzing,0.0,1,-1.0
Network Topological Inspect,0.0,1,-1.0
Network Topological Study,0.0,1,-1.0
Network Topologies,0.0,222,-222.0
Network Topology,0.0,7,-7.0
Network Topology Analyzed,0.0,2,-2.0
Network security,0.0,4,-4.0
Network topogon,0.0,1,-1.0
Network topologies,0.0,13,-13.0
Network topology,0.0,2,-2.0
Network topolology,0.0,1,-1.0
Network topotes,0.0,1,-1.0
Network topots,0.0,1,-1.0
NetworkTopologies,0.0,1,-1.0
Networktopies,0.0,1,-1.0
Networktopliars,0.0,1,-1.0
Networktoplicator,0.0,1,-1.0
Networm,0.0,2,-2.0
Neural Networks,0.0,2,-2.0
OCI Registration,0.0,1,-1.0
Object Oriented Programming,0.0,1,-1.0
Online Algorithm Testing Robot,0.0,1,-1.0
Online Business Bucket,0.0,1,-1.0
Online Chat Bot Training,0.0,1,-1.0
Online Competition Theory,0.0,1,-1.0
Online Datasets,0.0,1,-1.0
Online Games,0.0,1,-1.0
Online Marketing,0.0,2,-2.0
Online Metrics Tracking,0.0,1,-1.0
Online Safety,0.0,1,-1.0
Online Shoping,0.0,1,-1.0
Online Testing,0.0,1,-1.0
Online Testing Related Work,0.0,1,-1.0
Online threat assessment,0.0,1,-1.0
Open Source Software Logo Generator,0.0,1,-1.0
Opener,0.0,1,-1.0
Opensource software development,0.0,1,-1.0
Operaping Systems,0.0,1,-1.0
Operating System & Networking,0.0,1,-1.0
Operating System and Networking,0.0,3,-3.0
Operating Systems and Computer Science,0.0,1,-1.0
Operating Systems and National Languages,0.0,1,-1.0
Operating Systems and Networking,0.0,471,-471.0
Operating Systems and Networking Big Data Technologies,0.0,4,-4.0
Operating Systems and Networkings,0.0,4,-4.0
Operating Systems and Networks,0.0,1,-1.0
Operating system and Network,0.0,1,-1.0
Operating systems and navigation,0.0,1,-1.0
Operating systems and networking,0.0,2,-2.0
Operation Analysis,0.0,2,-2.0
Operation Management,0.0,1,-1.0
Operation Red Ball,0.0,1,-1.0
Operation Research,0.0,1,-1.0
Operation Strategy,0.0,1,-1.0
Operation System and Project Management,0.0,1,-1.0
Operation Systems,0.0,1,-1.0
Operational Research,0.0,2,-2.0
Operational Review,0.0,1,-1.0
Operational Training,0.0,1,-1.0
Operations & Logistics,0.0,1,-1.0
Operations Analysis,0.0,1,-1.0
Operations and Technology,0.0,1,-1.0
Operative Pedagogue,0.0,1,-1.0
Operting System,0.0,1,-1.0
Operting System and Communication,0.0,1,-1.0
Operting Systems,0.0,4,-4.0
Operting Systems and Networks,0.0,1,-1.0
Operting Systems and networking,0.0,2,-2.0
Operting systems and logic,0.0,1,-1.0
Opportunity to work with block chain,0.0,1,-1.0
Other Game Development,0.0,1,-1.0
Other Research Area,0.0,1,-1.0
PHP or Linux Support,0.0,1,-1.0
PR System,0.0,1,-1.0
Paint,0.0,1,-1.0
Painting,0.0,8,-8.0
Painting and Drawing,0.0,1,-1.0
Paintings,0.0,5,-5.0
Panel of Moderators,0.0,1,-1.0
Paper Analysis,0.0,1,-1.0
Participation in ar/vr and game dev lab,0.0,11,-11.0
Participation in arcade program,0.0,1,-1.0
Perfect Digital Literacy,0.0,1,-1.0
Performance Testing,0.0,79,-79.0
Performance testing,0.0,1,-1.0
Performancing Evaluation of Network,0.0,1,-1.0
Philosophy,0.0,1,-1.0
Phone Application Develop,0.0,1,-1.0
Phone Banking,0.0,1,-1.0
Phonegram Knowledge,0.0,1,-1.0
Photo Encryption,0.0,1,-1.0
Photo Gallery Site,0.0,1,-1.0
Photo Gallery Software Build,0.0,1,-1.0
Photographies,0.0,1,-1.0
Photography,0.0,90,-90.0
Photography Studio,0.0,1,-1.0
Physics,0.0,1,-1.0
Physics for Statistical Analysis,0.0,1,-1.0
Place of birth Hadithi,0.0,1,-1.0
Plant Health,0.0,1,-1.0
Platform Construction,0.0,1,-1.0
Platform Development,0.0,1,-1.0
Platform Testing,0.0,1,-1.0
Policies,0.0,1,-1.0
Policy,0.0,4,-4.0
Policy Writing,0.0,3,-3.0
Policymaking,0.0,1,-1.0
Popular Data Analysis and Visualization Blogs,0.0,1,-1.0
Population Size,0.0,1,-1.0
Portfolio Development,0.0,1,-1.0
Positional Quantity,0.0,1,-1.0
Positivity,0.0,1,-1.0
Practicing Artificial Intelligence and Machine learning,0.0,1,-1.0
Presentation Development,0.0,1,-1.0
Privacy Law,0.0,1,-1.0
Problem Solution,0.0,10,-10.0
Problem Solver,0.0,1,-1.0
Problem Solving,0.0,15,-15.0
Problem Solving & Analysis,0.0,15,-15.0
Problem Solving & Solution Development,0.0,1,-1.0
Problem Solving and Analysis,0.0,947,-947.0
Problem Solving and Analysis Artificial Intelligence of Concept (AIOC),0.0,1,-1.0
Problem Solving and Analyzing,0.0,2,-2.0
Problem Solving and Communication,0.0,1,-1.0
Problem Solving and Design,0.0,1,-1.0
Problem Solving and Output Prediction,0.0,1,-1.0
Problem Solving and Solution Coding,0.0,1,-1.0
Problem Solving and analysis,0.0,2,-2.0
Problem Solvings,0.0,1,-1.0
Problem Solvning,0.0,1,-1.0
Problem solving,0.0,6,-6.0
Problem solving & codning,0.0,1,-1.0
Problem solving and analysis,0.0,3,-3.0
Problem-solving,0.0,2,-2.0
ProblemSolution,0.0,5,-5.0
ProblemSolution-based Development,0.0,1,-1.0
ProblemSolving,0.0,3,-3.0
ProblemSolving and Analysis,0.0,6,-6.0
ProblemSolving and Communication,0.0,1,-1.0
ProblemSolving andAnalysis,0.0,1,-1.0
ProblemSolving andArts,0.0,1,-1.0
ProblemSolving andComputer Science,0.0,1,-1.0
ProblemSolvingandOrientation,0.0,1,-1.0
ProblemSolvingandOrientations,0.0,1,-1.0
ProblemSolvingandViewPointHolding,0.0,1,-1.0
ProblemSolvingandandOperations,0.0,1,-1.0
Problemsolve,0.0,1,-1.0
Problemsolving,0.0,3,-3.0
Problemsolving & analyzing,0.0,2,-2.0
Problemsolving & analyzings,0.0,1,-1.0
Problemsolving & communicativenhanced via DTH,0.0,1,-1.0
Problemsolving & conduct UX/IK Related works,0.0,1,-1.0
Problemsolving and analytical,0.0,1,-1.0
Problemsolving and analytics,0.0,1,-1.0
Problemsolving and communicatin,0.0,1,-1.0
Problemsolving and communicating,0.0,1,-1.0
Problemsolving and communications,0.0,1,-1.0
Problemsolving and leadership,0.0,2,-2.0
Problemsolving anditerativeprocesssspirit,0.0,1,-1.0
Problemsolvingandleading,0.0,1,-1.0
Problemsolvingosthingestiring,0.0,1,-1.0
Product Development,0.0,1,-1.0
Production Support,0.0,1,-1.0
Professional Development,0.0,1,-1.0
Programmer,0.0,1,-1.0
Programming Language and Technology,0.0,1,-1.0
Programming Languages,0.0,7,-7.0
Programming Languages Learning,0.0,1,-1.0
Programming Languages and Environment,0.0,1,-1.0
Programming Languages and Images Management,0.0,1,-1.0
Programming Languages and Software Development,0.0,1,-1.0
Programming Languages and Tools,0.0,1,-1.0
Programming Languages and Virtual Training,0.0,1,-1.0
Programming Related Work,0.0,1,-1.0
Progressive Wooden Board Snake Chatbot,0.0,1,-1.0
Project Administration,0.0,1,-1.0
Project Management,0.0,626,-626.0
Project Managements,0.0,1,-1.0
Project management,0.0,7,-7.0
ProjectManagement,0.0,8,-8.0
Protection from Cyber Security,0.0,1,-1.0
Public Relations,0.0,1,-1.0
Public Speaking,0.0,1,-1.0
Pull Request Integration,0.0,1,-1.0
Pull Request Review Bot,0.0,1,-1.0
Pure Mathematics,0.0,1,-1.0
Qualitative Research,0.0,1,-1.0
Quality Assurance,0.0,1,-1.0
Quantitative Analysis,0.0,2,-2.0
Quantum Mechanics,0.0,1,-1.0
Question Answering,0.0,1,-1.0
Quran Recitation,0.0,1,-1.0
ROLLING NOISE FILTER,0.0,1,-1.0
Random Forest,0.0,1,-1.0
Random Generation Techniques,0.0,2,-2.0
Ray Web,0.0,1,-1.0
Redirecting,0.0,1,-1.0
Regular Expression,0.0,4,-4.0
Regularity,0.0,1,-1.0
Regulation regarding cyber space,0.0,1,-1.0
Religious Non Profits to come.,0.0,1,-1.0
Report Writing,0.0,3,-3.0
Research On Artificial Intelligence,0.0,1,-1.0
Research On Artificial Intelligence And Machine learning,0.0,5,-5.0
Research On Block Chain,0.0,1,-1.0
Research On Blockchain,0.0,1,-1.0
Research On Natural Language Processing,0.0,2,-2.0
Research in Artificial Intelligence and Machine learning,0.0,1,-1.0
Research in Cyberspace,0.0,1,-1.0
Research in Mobile Festivity,0.0,1,-1.0
Research on Adaptivity in Development,0.0,1,-1.0
Research on Artifical Intelligence and Machine learning,0.0,1,-1.0
Research on Artificial Intelligence,0.0,2,-2.0
Research on Artificial Intelligence & Machine learning,0.0,3,-3.0
Research on Artificial Intelligence and Machine learn,0.0,1,-1.0
Research on Artificial Intelligence and Machine learning,0.0,541,-541.0
Research on Artificial Intelligence and Machine learning for Natural Language Processing,0.0,1,-1.0
Research on Artificial Intelligence and Machine learning on different field of science,0.0,1,-1.0
Research on Artificial Intelligence and Machine learning related to Quran,0.0,1,-1.0
Research on Artificial Intelligence and Machine learning related to Quran recitation robots,0.0,1,-1.0
Research on Artificial Intelligence and Machine learnings,0.0,1,-1.0
Research on Artificial Intelligence and Machinelearning,0.0,4,-4.0
Research on Artificial Intelligence and machine learning,0.0,2,-2.0
Research on Artificial Intelligence andMachine learning,0.0,2,-2.0
Research on ArtificialIntelligence and Machine learning related to Quran recitation robot,0.0,1,-1.0
Research on Block Chain,0.0,47,-47.0
Research on Block Chain Technology,0.0,1,-1.0
Research on Block Chains,0.0,1,-1.0
Research on Computer Vision,0.0,1,-1.0
Research on Cyber Security,0.0,104,-104.0
Research on Cyber security,0.0,1,-1.0
Research on Cyberspace,0.0,2,-2.0
Research on Cyclical Repeater Arms,0.0,1,-1.0
Research on Digital Blackhole,0.0,1,-1.0
Research on Digital Religion,0.0,1,-1.0
Research on IoT,0.0,1,-1.0
Research on Mobile App Development,0.0,1,-1.0
Research on Natural Language Processing,0.0,131,-131.0
Research on Natural Language processing,0.0,1,-1.0
Research on Natural LanguageProcessing,0.0,1,-1.0
Research on Nature Based Sensor Technology,0.0,1,-1.0
Research on Network Security,0.0,1,-1.0
Research on Robotics,0.0,3,-3.0
Research on Robotics and IoT,0.0,5,-5.0
Research on Robotics and Machine understanding,0.0,1,-1.0
Research on Robots,0.0,2,-2.0
Research on Social Medias,0.0,1,-1.0
Research on new idea,0.0,1,-1.0
Researh on Android mobile phone,0.0,1,-1.0
Resource Analysis,0.0,1,-1.0
Response Selection,0.0,1,-1.0
Responsible Artificial Intelligence and Machine learning,0.0,1,-1.0
Responsive Design,0.0,4,-4.0
Responsive UI and Ux,0.0,1,-1.0
Revolutionary Skills,0.0,1,-1.0
Rich Media Content Sync,0.0,1,-1.0
Risk Assessment,0.0,1,-1.0
RobotICs Knowledge,0.0,1,-1.0
Robotic,0.0,1,-1.0
Robotic Computing,0.0,1,-1.0
Robotic Technology,0.0,1,-1.0
Robotically designed unit,0.0,1,-1.0
Roboticists,0.0,1,-1.0
Robotickels,0.0,1,-1.0
Robotickies,0.0,1,-1.0
Robotics Knowhow,0.0,18,-18.0
Robotics Knowledge,0.0,284,-284.0
Robotics Knowledges,0.0,1,-1.0
Robotics knowledge,0.0,1,-1.0
Robotics knowledges,0.0,1,-1.0
Roboticsknowledge,0.0,1,-1.0
Robotik,0.0,1,-1.0
Robots,0.0,1,-1.0
Rocketry,0.0,1,-1.0
Rocketunk,0.0,1,-1.0
Roller Coaster,0.0,1,-1.0
Romantic Relationships,0.0,1,-1.0
Roofing Systems,0.0,1,-1.0
Rooting Test,0.0,1,-1.0
Rooting Theory,0.0,1,-1.0
SQL,0.0,4,-4.0
Sample Recovery,0.0,1,-1.0
Science on Code,0.0,1,-1.0
Scientific Computing,0.0,1,-1.0
Scientific Software Development,0.0,1,-1.0
Scientific Virtual Realities,0.0,1,-1.0
Screen Acting,0.0,1,-1.0
Screening and Identity Theft,0.0,1,-1.0
Screenplay Writing,0.0,1,-1.0
Screenwriting,0.0,2,-2.0
Scripting Languages,0.0,1,-1.0
Search Engine Development,0.0,1,-1.0
Search Engine Optimization,0.0,3,-3.0
Search Engine Optimization (SEO),0.0,79,-79.0
Search Engine Optimization (SEO) And Graphic Design,0.0,1,-1.0
Search Engine Optimization (SEO)),0.0,2,-2.0
Search Engine Optimization (SEOM),0.0,1,-1.0
Search Engine Optimization (Seo),0.0,2,-2.0
Search Engine Optimization(SEO),0.0,2,-2.0
Search Engine Optims.,0.0,1,-1.0
Search Engine Ranking,0.0,1,-1.0
Security,0.0,5,-5.0
Security Affairs,0.0,1,-1.0
Security Issues Related Work,0.0,1,-1.0
Seeking innovation,0.0,1,-1.0
Service Delivery,0.0,1,-1.0
Service Development,0.0,1,-1.0
Service Observability,0.0,1,-1.0
Shell Scripting,0.0,1,-1.0
Signal Processing,0.0,2,-2.0
Signals and Systems,0.0,1,-1.0
Silverwalk,0.0,1,-1.0
Site Administration,0.0,1,-1.0
Site Development,0.0,1,-1.0
Sitebuilder,0.0,1,-1.0
Smart Cities,0.0,1,-1.0
Snow God,0.0,1,-1.0
Social Media,0.0,1,-1.0
Social Media Analysis,0.0,1,-1.0
Social Media Analytics,0.0,2,-2.0
Social Media Engagement,0.0,1,-1.0
Social Media Manag,0.0,1,-1.0
Social Media Manage,0.0,3,-3.0
Social Media Management,0.0,15,-15.0
Social Media Manager,0.0,2,-2.0
Social Security,0.0,1,-1.0
Social interaction,0.0,1,-1.0
Society,0.0,1,-1.0
Socket Open,0.0,1,-1.0
Soft robotics,0.0,1,-1.0
Software,0.0,1,-1.0
Software Architectures,0.0,1,-1.0
Software Development,0.0,37,-37.0
Software Development and Business Modeling,0.0,1,-1.0
Software Distribution,0.0,1,-1.0
Software Installation,0.0,1,-1.0
Software QA,0.0,3,-3.0
Software QA Job,0.0,1,-1.0
Software Qaeng,0.0,1,-1.0
Software Quality Assurance,0.0,130,-130.0
Software Quality Assurance Course,0.0,4,-4.0
Software Quality Assurance Register,0.0,1,-1.0
Software Quality Testing,0.0,121,-121.0
Software Quality and Assurance,0.0,1,-1.0
Software Review,0.0,1,-1.0
Software Selection,0.0,1,-1.0
Software Testing Related Work,0.0,48,-48.0
Software Testing Related work,0.0,2,-2.0
Software Testing RelatedWork,0.0,1,-1.0
Software Testing Relatedwork,0.0,1,-1.0
Software Testing Relatied,0.0,1,-1.0
Software Testing Relatized,0.0,1,-1.0
Software test certification,0.0,1,-1.0
Software testing course,0.0,1,-1.0
Software testing course complete,0.0,1,-1.0
Software testing practice,0.0,1,-1.0
Software testing relation,0.0,1,-1.0
Software testing software,0.0,1,-1.0
Software testings,0.0,1,-1.0
Softwares tested,0.0,1,-1.0
Solution Developer,0.0,1,-1.0
Solution Development,0.0,1,-1.0
Spam Filter,0.0,1,-1.0
Spatial Analysis,0.0,1,-1.0
Speak Engagements,0.0,1,-1.0
Speak English and Communicate,0.0,1,-1.0
Speaker Navy,0.0,1,-1.0
Speaking,0.0,1,-1.0
Speaking English and Technical Style,0.0,1,-1.0
Speaking and Listening,0.0,2,-2.0
Speaking engaging prose,0.0,1,-1.0
Special Effects (Films),0.0,1,-1.0
Specialized in Artificial Intelligence and Machine learning,0.0,1,-1.0
Specials Network,0.0,1,-1.0
Specification Writing,0.0,1,-1.0
Speciialized Computer Support,0.0,1,-1.0
Speech Recognition,0.0,3,-3.0
Speech Synthesis,0.0,2,-2.0
Speech recognition,0.0,2,-2.0
Speechrecognition,0.0,1,-1.0
Spider Software Knowledge,0.0,1,-1.0
Spoken English,0.0,1,-1.0
Sports Actuation,0.0,1,-1.0
Static Analyzer,0.0,1,-1.0
Statistic Analysis,0.0,9,-9.0
Statistic Data Analysis,0.0,1,-1.0
Statistic Laboratory,0.0,1,-1.0
Statistic Resources,0.0,1,-1.0
Statistical Analogy,0.0,1,-1.0
Statistical Analyses,0.0,4,-4.0
Statistical Analysis,0.0,624,-624.0
Statistical Analysis Software,0.0,1,-1.0
Statistical Analytics,0.0,6,-6.0
Statistical analysis,0.0,1,-1.0
Statistician,0.0,2,-2.0
Statisticians,0.0,2,-2.0
Statisticly,0.0,1,-1.0
Statistics,0.0,36,-36.0
Stats Contest Drafting,0.0,1,-1.0
Storage Devices,0.0,1,-1.0
Strategy,0.0,1,-1.0
Streaming Media Knowledge,0.0,1,-1.0
Structured Data Technologies,0.0,1,-1.0
Study on Cyber Security,0.0,1,-1.0
Suggestions,0.0,1,-1.0
Swagger Testing,0.0,1,-1.0
Synthetic Language Training,0.0,2,-2.0
System Architecture,0.0,1,-1.0
System Design,0.0,488,-488.0
System Design using UML,0.0,1,-1.0
System Layout,0.0,1,-1.0
System Programming,0.0,3,-3.0
System design,0.0,11,-11.0
Systemdesign,0.0,1,-1.0
Systems Architecture,0.0,2,-2.0
Systems Design,0.0,11,-11.0
Systems Software,0.0,1,-1.0
TCP/DatagramProtocol,0.0,1,-1.0
Talent Development,0.0,1,-1.0
Task management,0.0,1,-1.0
Teaching,0.0,37,-37.0
Teaching Assistantships,0.0,1,-1.0
Teaching Assistantships (TAs),0.0,8,-8.0
Team Building,0.0,2,-2.0
Teamb building,0.0,1,-1.0
Teams management,0.0,1,-1.0
Teamspeak,0.0,2,-2.0
Teamwork,0.0,3,-3.0
Technological Affinity,0.0,1,-1.0
Technology,0.0,2,-2.0
Technology Panel,0.0,1,-1.0
Technology Review,0.0,2,-2.0
Technology Transfer,0.0,1,-1.0
Technology and Policy,0.0,1,-1.0
Technology to work with robotics,0.0,1,-1.0
Telecom Industry,0.0,1,-1.0
Telecommunication,0.0,7,-7.0
Telecommunications,0.0,5,-5.0
Telegram Bots,0.0,1,-1.0
Tempelstein Furnace,0.0,1,-1.0
Temporal Analysis,0.0,1,-1.0
Testing Tools,0.0,1,-1.0
Text Categorization,0.0,1,-1.0
The Internet of Things,0.0,1,-1.0
Theory of Computer Science,0.0,1,-1.0
Theory of Conception,0.0,1,-1.0
Think,0.0,1,-1.0
Time Management,0.0,1,-1.0
Transformer,0.0,1,-1.0
Translation,0.0,4,-4.0
Transportation,0.0,1,-1.0
Transportation Securities,0.0,1,-1.0
Tukey License,0.0,1,-1.0
Twitter Analytics,0.0,1,-1.0
UCT,0.0,1,-1.0
UI / UX Knowledge,0.0,2,-2.0
UI/UX Knitters,0.0,1,-1.0
UI/UX Knowledge,0.0,229,-229.0
UI/UX Related Field,0.0,1,-1.0
UI/UX Related Job,0.0,48,-48.0
UI/UX Related Jobs,0.0,1,-1.0
UI/Ux Knowledge,0.0,8,-8.0
UML Knowledge,0.0,1,-1.0
UNIVERSITIES AND COLLEGES,0.0,1,-1.0
URJC,0.0,1,-1.0
UX / Graphic Design,0.0,1,-1.0
UX / UI Knowledge,0.0,2,-2.0
UX Related Jobs,0.0,1,-1.0
UX/UI Knowledge,0.0,2,-2.0
Ubiquity,0.0,1,-1.0
Ui/Ux Knowledge,0.0,1,-1.0
Understanding different network,0.0,1,-1.0
Unit Testing,0.0,1,-1.0
Unity Education,0.0,1,-1.0
Untethered Jackhammer,0.0,1,-1.0
Upliftment,0.0,1,-1.0
Uptranslate,0.0,1,-1.0
Urban Transport,0.0,1,-1.0
Usage Studies,0.0,1,-1.0
Useless Knowledge erased,0.0,1,-1.0
Ux,0.0,1,-1.0
Ux & Psychology knowledge,0.0,1,-1.0
Ux Design,0.0,1,-1.0
Ux Knowledge,0.0,3,-3.0
Uxatie Desktop Project,0.0,1,-1.0
Uxknown,0.0,1,-1.0
VR,0.0,1,-1.0
Vector Graphics,0.0,1,-1.0
Video Editing,0.0,3,-3.0
Video Editing & Animation,0.0,53,-53.0
Video Editing And Animation,0.0,2,-2.0
Video Editing and Animation,0.0,43,-43.0
Video Editing and Annotation,0.0,2,-2.0
Video Editing andannotations,0.0,1,-1.0
Video Production,0.0,4,-4.0
Video production,0.0,1,-1.0
Virtual Environment Technology,0.0,2,-2.0
Virtual Reality,0.0,3,-3.0
Virtual reality,0.0,1,-1.0
Visual Communication,0.0,1,-1.0
Watchface Develop,0.0,1,-1.0
Watching movies,0.0,1,-1.0
Web Application Development,0.0,1,-1.0
Web Based Project Create,0.0,1,-1.0
Web Based Project Develop,0.0,9,-9.0
Web Based Project develop,0.0,7,-7.0
Web Based Projectdevelop,0.0,3,-3.0
Web Based project develop,0.0,3,-3.0
Web BasedProject develop,0.0,1,-1.0
Web Basedproject develop,0.0,6,-6.0
Web Basedproject developing,0.0,1,-1.0
Web Basedprojectdevelop,0.0,1,-1.0
Web Design,0.0,1,-1.0
Web Develop,0.0,1,-1.0
Web Developer,0.0,1,-1.0
Web Developing,0.0,1,-1.0
Web Development,0.0,1170,-1170.0
Web Games Development,0.0,1,-1.0
Web based idea implement,0.0,1,-1.0
Web based project develop,0.0,375,-375.0
Web based project developed,0.0,2,-2.0
Web based project developing,0.0,2,-2.0
Web based project install,0.0,1,-1.0
Web based projects develop,0.0,7,-7.0
Web basedproject develop,0.0,17,-17.0
Web basedproject developing,0.0,1,-1.0
Web dermalizer,0.0,1,-1.0
Web development,0.0,21,-21.0
Web developmnt and threat analys,0.0,1,-1.0
Web-based Project Develop,0.0,1,-1.0
Webbased project develop,0.0,1,-1.0
Webbased projects,0.0,1,-1.0
Webbasedproject develop,0.0,2,-2.0
Webdevelopment,0.0,2,-2.0
Website Analytics,0.0,1,-1.0
Website Build,0.0,3,-3.0
Website Build and Publish,0.0,1,-1.0
Website Builders,0.0,2,-2.0
Website Building,0.0,5,-5.0
Website Building and Assisting,0.0,1,-1.0
Website Buildings,0.0,1,-1.0
Website Development,0.0,6,-6.0
Website Display in Residency,0.0,1,-1.0
Website Ranking,0.0,1,-1.0
Website Securities,0.0,1,-1.0
Website build,0.0,4,-4.0
Website build and test,0.0,1,-1.0
Website develop,0.0,1,-1.0
Website developing,0.0,1,-1.0
Week-long Blockchain Immersive Course,0.0,1,-1.0
Widget Based Website create,0.0,1,-1.0
Wiki Development,0.0,1,-1.0
Wikipedia analysis,0.0,1,-1.0
Wind Tunnel Test,0.0,1,-1.0
Window System Resource Management,0.0,1,-1.0
Women Development,0.0,1,-1.0
Word Press Readers,0.0,1,-1.0
Word Processing,0.0,1,-1.0
Work on Robotic Systems,0.0,1,-1.0
Work with IoT,0.0,1,-1.0
Work with New Idea,0.0,1,-1.0
Work with Robotics,0.0,8,-8.0
Work with Robots,0.0,1,-1.0
Work with Technology,0.0,1,-1.0
Work with Technology and New Idea Gener,0.0,1,-1.0
Work with Technology and New Idea Generate,0.0,7,-7.0
Work with UI/UX Related Job,0.0,1,-1.0
Work with elder person,0.0,1,-1.0
Work with new idea,0.0,7,-7.0
Working,0.0,1,-1.0
Working With Block Chain,0.0,1,-1.0
Working With IoT,0.0,1,-1.0
Working With Robotics,0.0,1,-1.0
Working With Technology,0.0,1,-1.0
Working with Graphics and Social Media,0.0,1,-1.0
Working with Graphics and design,0.0,1,-1.0
Working with IoT,0.0,46,-46.0
Working with Justice,0.0,1,-1.0
Working with New Idea,0.0,7,-7.0
Working with Robotics,0.0,30,-30.0
Working with Robotics and IoT,0.0,2,-2.0
Working with Robots,0.0,10,-10.0
Working with Technology,0.0,5,-5.0
Working with Technology and New Idea Generate,0.0,93,-93.0
Working with Technology and New Idea Generation,0.0,8,-8.0
Working with Technology and new idea generate,0.0,1,-1.0
Working with Technology andnewidea,0.0,1,-1.0
Working with machine learning,0.0,1,-1.0
Working with new Idea,0.0,1,-1.0
Working with new concept,0.0,3,-3.0
Working with new idea,0.0,96,-96.0
Working with new ideas,0.0,2,-2.0
Working with robots,0.0,7,-7.0
Working with team,0.0,1,-1.0
Working with technology for future,0.0,1,-1.0
Working withRobotics,0.0,1,-1.0
Working withnew idea,0.0,2,-2.0
Working withnew ideas,0.0,1,-1.0
Working withnewidea,0.0,1,-1.0
Workshop,0.0,1,-1.0
Workshop Organizer,0.0,1,-1.0
Workshop lider,0.0,1,-1.0
Workshop on Artificial Intelligence and Machine learning,0.0,1,-1.0
Workshop on IoT,0.0,1,-1.0
Workwith IoT,0.0,1,-1.0
Workwithblock,0.0,1,-1.0
Workwithidea,0.0,1,-1.0
Workwithinnig,0.0,1,-1.0
Writing,0.0,1,-1.0
Writing in English,0.0,1,-1.0
Wyft,0.0,1,-1.0
XML Parsing,0.0,1,-1.0
abstract idea recreate,0.0,1,-1.0
adaptability,0.0,23,-23.0
adaptability to new idea,0.0,1,-1.0
adaptability to new thing,0.0,1,-1.0
adaptable,0.0,4,-4.0
adaptibility,0.0,1,-1.0
analytics,0.0,1,-1.0
and Draw,0.0,1,-1.0
android,0.0,1,-1.0
android apk make,0.0,1,-1.0
android app develop,0.0,8,-8.0
android app developing,0.0,3,-3.0
android application develop,0.0,1,-1.0
android application developers,0.0,1,-1.0
android application developing,0.0,1,-1.0
android apps develop,0.0,2,-2.0
api knowledge,0.0,3,-3.0
api test,0.0,1,-1.0
api testers,0.0,1,-1.0
api testing,0.0,2,-2.0
app_maker_blogger,0.0,1,-1.0
arsenul ideology best developer,0.0,1,-1.0
artifical intelligence,0.0,1,-1.0
artificial intelligence (ai),0.0,2,-2.0
artificial intelligence (ai) and machine learning,0.0,3,-3.0
automatic control systems,0.0,1,-1.0
autonomous driving,0.0,1,-1.0
azure data factory,0.0,1,-1.0
based on idea,0.0,1,-1.0
bengali language,0.0,1,-1.0
big data,0.0,1,-1.0
big data technologies,0.0,4,-4.0
bio data processing,0.0,1,-1.0
block chain,0.0,4,-4.0
blockchain,0.0,1,-1.0
bloggertraining,0.0,1,-1.0
bn-gram analysis,0.0,1,-1.0
boost your career,0.0,1,-1.0
bot vet,0.0,1,-1.0
cloud computed,0.0,1,-1.0
cloud computing,0.0,9,-9.0
collaboration,0.0,1,-1.0
collaborative work,0.0,1,-1.0
communicate,0.0,1,-1.0
communicate effectively,0.0,1,-1.0
communication,0.0,16,-16.0
communications,0.0,2,-2.0
competencies arising out of cyber security,0.0,1,-1.0
computational science,0.0,1,-1.0
contentwriting,0.0,1,-1.0
contract negotiations,0.0,1,-1.0
critical thinkig,0.0,1,-1.0
critical thinking,0.0,13,-13.0
critical thought,0.0,1,-1.0
critically thinking,0.0,1,-1.0
criticalthinking,0.0,1,-1.0
criticism,0.0,1,-1.0
crtdesign,0.0,1,-1.0
crypto learn,0.0,1,-1.0
cryptograph,0.0,1,-1.0
cryptographic techniques,0.0,1,-1.0
cyber security,0.0,2,-2.0
cyber security insurance,0.0,1,-1.0
cyber trace techniques,0.0,1,-1.0
cybersecurity,0.0,3,-3.0
cytorent,0.0,1,-1.0
daily teamwork,0.0,1,-1.0
data analysis,0.0,1,-1.0
data analysis & visualization,0.0,2,-2.0
data analysis and vision,0.0,1,-1.0
data analysis and visualization,0.0,14,-14.0
data analyst,0.0,1,-1.0
data analytics,0.0,3,-3.0
data engineering,0.0,21,-21.0
data engineering crazy about artificial intelligence andmachine learning,0.0,1,-1.0
data engineering working in ai and machine learning,0.0,1,-1.0
data featureteng,0.0,1,-1.0
data flowchart,0.0,1,-1.0
data manipulation,0.0,1,-1.0
data science,0.0,4,-4.0
data science cognition,0.0,1,-1.0
data science news,0.0,1,-1.0
data strategy,0.0,1,-1.0
data structure,0.0,4,-4.0
data visualization,0.0,1,-1.0
database development,0.0,10,-10.0
databasedevelopment,0.0,1,-1.0
dataset analysis,0.0,1,-1.0
deep learning,0.0,9,-9.0
deep learning.net,0.0,1,-1.0
deepelearning,0.0,1,-1.0
deeplearnincar,0.0,1,-1.0
deeplearning.net,0.0,2,-2.0
dell technology course,0.0,1,-1.0
design,0.0,1,-1.0
designers,0.0,1,-1.0
designing and developing artificial intelligence,0.0,1,-1.0
develop environment,0.0,1,-1.0
disk testing,0.0,1,-1.0
display of skill,0.0,1,-1.0
eb based project develop,0.0,1,-1.0
effective leader,0.0,1,-1.0
fake,0.0,1,-1.0
feather API test,0.0,1,-1.0
feature engineering,0.0,6,-6.0
features Specification writing,0.0,1,-1.0
feedforward neural networks,0.0,1,-1.0
fluxucky,0.0,1,-1.0
fontawesometestfixture,0.0,1,-1.0
game develop,0.0,1,-1.0
game development,0.0,1,-1.0
graphic design,0.0,2,-2.0
histogram creation,0.0,1,-1.0
iOS Application Create,0.0,1,-1.0
ideas,0.0,1,-1.0
illustrators,0.0,1,-1.0
image processing,0.0,4,-4.0
impedance,0.0,1,-1.0
information technology ipsum create,0.0,1,-1.0
innovation,0.0,1,-1.0
install github,0.0,1,-1.0
interActiveCollaboration,0.0,1,-1.0
interacting with new idea,0.0,1,-1.0
interlocking systems,0.0,1,-1.0
internet of things,0.0,1,-1.0
interpersonal skill,0.0,2,-2.0
interpersonal skills,0.0,10,-10.0
interpersonal skils,0.0,1,-1.0
interpretation,0.0,1,-1.0
ip address,0.0,1,-1.0
it technical curriculum,0.0,1,-1.0
lab,0.0,1,-1.0
lead developer,0.0,1,-1.0
lead software developer,0.0,1,-1.0
leadership,0.0,2,-2.0
leads generation,0.0,1,-1.0
linux system manage,0.0,1,-1.0
logistic regression,0.0,1,-1.0
lr learning,0.0,1,-1.0
machine learning,0.0,9,-9.0
memory testing,0.0,1,-1.0
metrics establish,0.0,1,-1.0
microphones,0.0,1,-1.0
microsoft azure,0.0,1,-1.0
microsoft technologies,0.0,1,-1.0
mobile app develop,0.0,2,-2.0
mobile app development,0.0,5,-5.0
mobile app testing,0.0,1,-1.0
model validation,0.0,1,-1.0
network security,0.0,6,-6.0
network topology,0.0,1,-1.0
network topologys,0.0,1,-1.0
networking,0.0,1,-1.0
oauth2testing,0.0,1,-1.0
offer your service,0.0,1,-1.0
operating system,0.0,1,-1.0
operating systems and networking,0.0,2,-2.0
partner relationship build,0.0,1,-1.0
passwords strength,0.0,1,-1.0
pc based app developing,0.0,1,-1.0
pc based project,0.0,1,-1.0
perform well in computer science and mathematics,0.0,1,-1.0
performance testing,0.0,1,-1.0
photography,0.0,1,-1.0
physics fordata science,0.0,1,-1.0
predictive analytics,0.0,1,-1.0
problem solution,0.0,2,-2.0
problem solver,0.0,8,-8.0
problem solvetio,0.0,1,-1.0
problem solving,0.0,12,-12.0
problem solving and affection,0.0,1,-1.0
problem solving and analysis,0.0,6,-6.0
problem solving and communication,0.0,3,-3.0
problem solving and engineering,0.0,1,-1.0
problem solvingroyale,0.0,1,-1.0
problems solution,0.0,1,-1.0
problemsolve,0.0,1,-1.0
problemsolving,0.0,1,-1.0
problemsolving and analytical,0.0,1,-1.0
programming labs,0.0,1,-1.0
programming lod,0.0,1,-1.0
project management,0.0,18,-18.0
qiskit,0.0,1,-1.0
research on AI and ML,0.0,1,-1.0
research on artificial intelligence,0.0,1,-1.0
research on artificial intelligence and machine learning,0.0,8,-8.0
research on artificial intelligencene,0.0,1,-1.0
research on artificial intelligencer,0.0,1,-1.0
research on artistic intangible,0.0,1,-1.0
research on block chain,0.0,1,-1.0
research on cyber security,0.0,1,-1.0
research on natural language processing,0.0,3,-3.0
robotic armors,0.0,1,-1.0
robotic knowledge,0.0,1,-1.0
robust algorithms,0.0,1,-1.0
screen design,0.0,1,-1.0
screenplay writing,0.0,1,-1.0
site building,0.0,1,-1.0
software development,0.0,4,-4.0
software qc,0.0,1,-1.0
software quailty assurance,0.0,1,-1.0
software quality metrics,0.0,1,-1.0
software test rel,0.0,1,-1.0
starter kits for blockchain,0.0,1,-1.0
statistical analysis,0.0,5,-5.0
statistics,0.0,1,-1.0
supported by artificial intellcine,0.0,1,-1.0
system design,0.0,24,-24.0
system designpath,0.0,1,-1.0
team building,0.0,1,-1.0
team leadership,0.0,3,-3.0
teamwork,0.0,4,-4.0
techical communication,0.0,1,-1.0
technical communication,0.0,1,-1.0
ui/Ux knowledge,0.0,1,-1.0
ui/ux Topology fonctionalite,0.0,1,-1.0
ui/ux design,0.0,1,-1.0
ui/ux knowledge,0.0,5,-5.0
ui/ux knowledgues,0.0,1,-1.0
user experience (ux) and usability testers,0.0,1,-1.0
web based project develop,0.0,15,-15.0
web based project development,0.0,1,-1.0
web based project test,0.0,1,-1.0
web design,0.0,1,-1.0
web development,0.0,2,-2.0
website and app develop,0.0,1,-1.0
website build,0.0,1,-1.0
website_developing_blogger,0.0,1,-1.0
work on new idea,0.0,1,-1.0
work with new idea,0.0,1,-1.0
work with new ideas,0.0,1,-1.0
working by new idea,0.0,1,-1.0
working with IoT,0.0,3,-3.0
working with android,0.0,1,-1.0
working with machine learning,0.0,1,-1.0
working with machine learning or data science,0.0,1,-1.0
working with new concept,0.0,1,-1.0
working with new idea,0.0,11,-11.0
working with new ideas,0.0,3,-3.0
working with robots,0.0,2,-2.0
working with technology and new idea,0.0,1,-1.0
working with technology and new ideas,0.0,1,-1.0
workwithtech,0.0,1,-1.0
